<?xml version="1.0" encoding="UTF-8" ?>
<!DOCTYPE mapper PUBLIC "-//mybatis.org//DTD Mapper 3.0//EN" "http://mybatis.org/dtd/mybatis-3-mapper.dtd" >
<mapper namespace="com.example.information_retrieval.mapper.CollectionMapper">


    <insert id="save" useGeneratedKeys="true" keyProperty="id">
        insert into thesis_retrieval.collection (user_id, title, domain)
        values (#{userId},#{title},#{domain})
    </insert>
    <select id="getCollection" resultType="com.example.information_retrieval.dataBasePojo.Collection">
        select * from thesis_retrieval.collection
        <where>
            <if test="domain!=null"> and domain=#{domain}</if>
            <if test="userId !=null">and user_id=#{userId}</if>
            and title is not null
        </where>
    </select>
</mapper>