<?xml version="1.0" encoding="UTF-8" ?>
<!DOCTYPE mapper PUBLIC "-//mybatis.org//DTD Mapper 3.0//EN" "http://mybatis.org/dtd/mybatis-3-mapper.dtd" >
<mapper namespace="com.example.information_retrieval.mapper.UploadRecordMapper">


    <insert id="save" keyProperty="id" useGeneratedKeys="true">
        insert into thesis_retrieval.upload_record ( user_id, upload_date, state, file_name,original_file_name)
        VALUES(#{userId},#{uploadDate},#{state},#{fileName},#{originalFileName})
    </insert>
    <update id="update">
        update thesis_retrieval.upload_record
        <set>
            <if test="state!=null">state=#{state}</if>
        </set>
        where id =#{id}
    </update>
</mapper>