<?xml version="1.0" encoding="UTF-8" ?>
<!DOCTYPE mapper PUBLIC "-//mybatis.org//DTD Mapper 3.0//EN" "http://mybatis.org/dtd/mybatis-3-mapper.dtd" >
<mapper namespace="com.example.information_retrieval.mapper.UserMapper">


    <insert id="save" parameterType="com.example.information_retrieval.dataBasePojo.User" useGeneratedKeys="true" keyProperty="userId" >
        insert into  thesis_retrieval.user(user_name, password, email, avatar, is_manager)
        VALUES (#{userName},#{password},#{email},#{avatar},#{isManager})
    </insert>
    <update id="update">
        update thesis_retrieval.user
        <set>
            <if test="userName!=null">user_name=#{userName},</if>
            <if test="email!=null">email=#{email},</if>
            <if test="avatar!=null">avatar=#{avatar},</if>
            <if test="password!=null">password=#{password}</if>
        </set>
        where user_id=#{userId}
    </update>
</mapper>